015A,B
016A,C
017A,D
018A,D
021A,D
024A,D
025A,C
027A,E
027C,E
027F,C
027G,C
028A,D
029A,D
032A,C
033A,C
033C,C
034A,B
039D,D
039E,D
040A,B
042A,D
044A,D
046A,D
048C,D
048D,D
050A,D
051B,D
051D,D
052A,C
053A,C
054A,D
055A,D
056A,B
057A,D
059A,B
060B,D
070A,D
075A,D
080B,C
081A,D
083A,B
085D,C
085M,C
085N,C
087A,B
087B,B
087C,C
087D,B
089A,D
090A,C
092A,D
096A,D
099B,D
102A,C
103A,C
110C,D
112A,C
112B,C
113A,C
114A,D
118A,B
118B,C
120A,D
122A,D
123A,C
129A,D
130B,D
131A,D
132A,C
214A,E
225B,D
240A,D
249A,C
257A,D
259A,D
261A,D
262A,C
264A,D
265A,D
266A,D
267A,C
268A,D
270A,C
272A,D
274A,E
275A,D
301A,D
302A,D
340A,D
464A,D
465A,C
465B,C
467A,D
468A,D
469A,D
504A,D
505A,C
507A,C
601A,D
602C,B
603B,B
604A,D
605B,B
606B,B
608A,D
640A,E
641A,E
642A,C
642E,C
642G,C
642H,C
643B,B
644C,D
646A,E
646B,E
646C,E
647A,C
647D,D
648A,C
651A,D
705B,C
706A,C
707A,C
708A,C
709A,D
711A,D
712A,D
713A,D
900B,D
900C,D
902A,D
907A,D
911A,C
912A,D
913A,B
914A,D
914B,D
914C,D
916A,D
918B,B
918C,B
919A,D
920A,C
921A,C
925A,D
926A,C
928B,D
930A,E
931B,D
933B,D
934B,D
935A,D
935B,D
935C,D
940A,D
941A,D
ADCS,D
AICS,D
AKSS,C
AMBC,D
APPS,C
ARKS,C
ARPS,D
ASHS,D
AVIS,B
BDCS,B
BENS,B
BFZ,B
BKZ,B
BMTS,B
BTWS,D
BWHS,D
BWRS,B
CACS,D
CBGS,D
CCCC,D
CCPS,D
CECS,D
CHHC,D
CMHS,D
CPFS,C
CRLZ,B
CSBF,A
CSHS,D
CSTC,D
CUBS,D
CULC,D
CVZ,B
D07C,E
D13C,B
D14C,B
D15C,B
DALS,E
DAVS,C
DCDS,C
DCZ,A
DECF,A
DFHS,D
DGNS,C
DHSS,C
DKHS,D
DORC,D
DSLC,D
DSZ,C
DUNS,C
DVHS,C
EAZ,B
EBPS,C
EKS1,B
EKS2,D
EKS3,D
EKTS,C
EYRS,D
FAHS,D
FAIS,B
FDCS,D
FGPS,D
FJDS,D
FKPS,D
FOZ,B
FTPS,D
FXBS,D
GDLC,D
GHHS,D
GISS,D
GKBS,B
GLWS,D
GMTS,D
GODS,B
GORS,D
GOVS,C
GRZ,B
GVZ,B
GWTS,D
HAFS,D
HALS,E
HAVS,B
HAZ,C
HCDS,D
HDWS,D
HHSS,D
HIBS,D
HMCS,D
HNPS,D
HOCS,D
HORC,D
HPSC,E
HSES,D
HSSS,C
HUKS,D
HUNS,B
HVSC,C
HWHS,C
ICCS,D
IFPS,D
INGS,C
INHS,D
INSS,B
INZ,B
JCWJ,B
JCZ,A
KAFS,D
KARS,D
KEKS,B
KFHS,C
KHLS,B
KHZ,C
KIKS,B
KILS,E
KIRS,C
KLDS,D
KNZ,B
KOKS,D
KOWC,D
KPOC,D
KUZ,B
LBZ,B
LCQC,C
LHBS,B
LHES,D
LHRS,B
LHUS,D
LINC,D
LIRS,C
LNBS,D
LPCC,B
LPLS,D
LPOC,D
LRSC,D
LRSS,D
LSRC,D
LTZ,B
MANS,A
MAVS,D
MAYC,D
MCAS,D
MCNS,C
MCPS,D
MECS,C
MENS,C
MGCS,D
MISS,D
MKBS,B
MKVS,C
MLZ,B
MMCS,D
MNGS,D
MNZS,B
MOLS,C
MORS,D
MOSS,C
MOTS,D
MPSS,D
MQZ,B
MRSS,D
MRZ,B
MSMC,D
MSZ,A
MSZS,B
MTHS,D
MTHZ,B
MTPS,B
MWDS,B
MWFS,B
MWZ,B
MXZ,B
NAAS,E
NAMS,C
NBLC,D
NBSS,E
NCBS,D
NCDS,E
NCHS,E
NELS,B
NEWS,B
NGHS,B
NLMS,C
NMPS,B
NNBS,D
NNZ,B
NPCS,D
NSBS,D
NSPS,B
NWFS,B
NZAS,D
OAMS,C
ODZ,B
OHSS,D
OPCS,E
OPSS,C
OPWS,D
OPZ,A
ORCS,D
OTKS,D
OXZ,B
PAPS,D
PARS,B
PEEC,D
PFAS,B
PGFS,D
PGMS,D
PHFS,B
PHHS,B
PIPS,E
PKIS,D
PNBS,D
PNMS,D
PNRS,D
POKS,C
POLS,C
POTS,B
PPHS,E
PRKS,D
PRPC,E
PTOS,C
PUZ,B
PVCS,D
PWES,B
PWZ,B
PXZ,B
PYZ,B
QCCS,D
QRZ,B
QTPS,D
RCBS,B
RCS1,D
RCS2,D
RDCS,C
REHS,E
RHBS,B
RHSC,D
RKAC,D
ROLC,D
ROPS,D
RPCS,D
RPZ,B
RQGS,D
RRKS,D
RTZ,B
RUAS,C
SACS,E
SBRC,D
SCAC,D
SEAS,C
SECF,B
SEDS,D
SEVS,D
SHFC,D
SHLC,D
SJFS,C
SKFS,D
SLRC,D
SMHS,D
SMTC,D
SNZO,B
SOCS,D
SOMS,B
SPFS,D
SPRS,D
STAS,E
STKS,B
SUMS,B
SWNC,D
SYZ,C
TAFS,D
TAIS,D
TBAS,D
TBCS,D
TCW,B
TDHS,D
TEPS,D
TFSS,D
THHS,D
THPS,D
THZ,B
TIRS,C
TKAS,D
TKHS,C
TMBS,C
TMDS,B
TMHS,C
TOKS,B
TOTS,D
TOZ,B
TPLC,D
TPPS,C
TRCS,C
TRMS,B
TRTS,C
TSFS,B
TSZ,B
TTHS,D
TUDS,C
TUHS,B
TUZ,B
TWAS,D
UHCS,D
UHSS,D
URZ,B
UTKS,C
VRZ,B
VUWS,D
WAIS,B
WAKC,D
WAKS,C
WANS,B
WAZ,C
WBCS,D
WBFS,B
WCDS,D
WCSS,D
WDAS,E
WDFS,D
WDPS,D
WEL,B
WEMS,D
WFSS,D
WHAS,C
WHFS,D
WHZ,B
WICS,D
WIGC,D
WKHS,D
WKZ,B
WNAS,D
WNHS,B
WNKS,C
WNPS,D
WPWS,C
WRCS,D
WSFC,D
WTMC,D
WVAS,D
WVFS,D
WVHS,C
WVZ,B
015A,B
016A,C
017A,D
018A,D
021A,D
024A,D
025A,C
027A,E
027C,E
027F,C
027G,C
028A,D
029A,D
032A,C
033A,C
033C,C
034A,B
039D,D
039E,D
040A,B
042A,D
044A,D
046A,D
048C,D
048D,D
050A,D
051B,D
051D,D
052A,C
053A,C
054A,D
055A,D
056A,B
057A,D
059A,B
060B,D
070A,D
075A,D
080B,C
081A,D
083A,B
085D,C
085M,C
085N,C
087A,B
087B,B
087C,C
087D,B
089A,D
090A,C
092A,D
096A,D
099B,D
102A,C
103A,C
110C,D
112A,C
112B,C
113A,C
114A,D
118A,B
118B,C
120A,D
122A,D
123A,C
129A,D
130B,D
131A,D
132A,C
214A,E
225B,D
240A,D
249A,C
257A,D
259A,D
261A,D
262A,C
264A,D
265A,D
266A,D
267A,C
268A,D
270A,C
272A,D
274A,E
275A,D
301A,D
302A,D
340A,D
464A,D
465A,C
465B,C
467A,D
468A,D
469A,D
504A,D
505A,C
507A,C
601A,D
602C,B
603B,B
604A,D
605B,B
606B,B
608A,D
640A,E
641A,E
642A,C
642E,C
642G,C
642H,C
643B,B
644C,D
646A,E
646B,E
646C,E
647A,C
647D,D
648A,C
651A,D
705B,C
706A,C
707A,C
708A,C
709A,D
711A,D
712A,D
713A,D
900B,D
900C,D
902A,D
907A,D
911A,C
912A,D
913A,B
914A,D
914B,D
914C,D
916A,D
918B,B
918C,B
919A,D
920A,C
921A,C
925A,D
926A,C
928B,D
930A,E
931B,D
933B,D
934B,D
935A,D
935B,D
935C,D
940A,D
941A,D
ADCS,D
AICS,D
AKSS,C
AMBC,D
APPS,C
ARKS,C
ARPS,D
ASHS,D
AVIS,B
BDCS,B
BENS,B
BFZ,B
BKZ,B
BMTS,B
BTWS,D
BWHS,D
BWRS,B
CACS,D
CBGS,D
CCCC,D
CCPS,D
CECS,D
CHHC,D
CMHS,D
CPFS,C
CRLZ,B
CSBF,A
CSHS,D
CSTC,D
CUBS,D
CULC,D
CVZ,B
D07C,E
D13C,B
D14C,B
D15C,B
DALS,E
DAVS,C
DCDS,C
DCZ,A
DECF,A
DFHS,D
DGNS,C
DHSS,C
DKHS,D
DORC,D
DSLC,D
DSZ,C
DUNS,C
DVHS,C
EAZ,B
EBPS,C
EKS1,B
EKS2,D
EKS3,D
EKTS,C
EYRS,D
FAHS,D
FAIS,B
FDCS,D
FGPS,D
FJDS,D
FKPS,D
FOZ,B
FTPS,D
FXBS,D
GDLC,D
GHHS,D
GISS,D
GKBS,B
GLWS,D
GMTS,D
GODS,B
GORS,D
GOVS,C
GRZ,B
GVZ,B
GWTS,D
HAFS,D
HALS,E
HAVS,B
HAZ,C
HCDS,D
HDWS,D
HHSS,D
HIBS,D
HMCS,D
HNPS,D
HOCS,D
HORC,D
HPSC,E
HSES,D
HSSS,C
HUKS,D
HUNS,B
HVSC,C
HWHS,C
ICCS,D
IFPS,D
INGS,C
INHS,D
INSS,B
INZ,B
JCWJ,B
JCZ,A
KAFS,D
KARS,D
KEKS,B
KFHS,C
KHLS,B
KHZ,C
KIKS,B
KILS,E
KIRS,C
KLDS,D
KNZ,B
KOKS,D
KOWC,D
KPOC,D
KUZ,B
LBZ,B
LCQC,C
LHBS,B
LHES,D
LHRS,B
LHUS,D
LINC,D
LIRS,C
LNBS,D
LPCC,B
LPLS,D
LPOC,D
LRSC,D
LRSS,D
LSRC,D
LTZ,B
MANS,A
MAVS,D
MAYC,D
MCAS,D
MCNS,C
MCPS,D
MECS,C
MENS,C
MGCS,D
MISS,D
MKBS,B
MKVS,C
MLZ,B
MMCS,D
MNGS,D
MNZS,B
MOLS,C
MORS,D
MOSS,C
MOTS,D
MPSS,D
MQZ,B
MRSS,D
MRZ,B
MSMC,D
MSZ,A
MSZS,B
MTHS,D
MTHZ,B
MTPS,B
MWDS,B
MWFS,B
MWZ,B
MXZ,B
NAAS,E
NAMS,C
NBLC,D
NBSS,E
NCBS,D
NCDS,E
NCHS,E
NELS,B
NEWS,B
NGHS,B
NLMS,C
NMPS,B
NNBS,D
NNZ,B
NPCS,D
NSBS,D
NSPS,B
NWFS,B
NZAS,D
OAMS,C
ODZ,B
OHSS,D
OPCS,E
OPSS,C
OPWS,D
OPZ,A
ORCS,D
OTKS,D
OXZ,B
PAPS,D
PARS,B
PEEC,D
PFAS,B
PGFS,D
PGMS,D
PHFS,B
PHHS,B
PIPS,E
PKIS,D
PNBS,D
PNMS,D
PNRS,D
POKS,C
POLS,C
POTS,B
PPHS,E
PRKS,D
PRPC,E
PTOS,C
PUZ,B
PVCS,D
PWES,B
PWZ,B
PXZ,B
PYZ,B
QCCS,D
QRZ,B
QTPS,D
RCBS,B
RCS1,D
RCS2,D
RDCS,C
REHS,E
RHBS,B
RHSC,D
RKAC,D
ROLC,D
ROPS,D
RPCS,D
RPZ,B
RQGS,D
RRKS,D
RTZ,B
RUAS,C
SACS,E
SBRC,D
SCAC,D
SEAS,C
SECF,B
SEDS,D
SEVS,D
SHFC,D
SHLC,D
SJFS,C
SKFS,D
SLRC,D
SMHS,D
SMTC,D
SNZO,B
SOCS,D
SOMS,B
SPFS,D
SPRS,D
STAS,E
STKS,B
SUMS,B
SWNC,D
SYZ,C
TAFS,D
TAIS,D
TBAS,D
TBCS,D
TCW,B
TDHS,D
TEPS,D
TFSS,D
THHS,D
THPS,D
THZ,B
TIRS,C
TKAS,D
TKHS,C
TMBS,C
TMDS,B
TMHS,C
TOKS,B
TOTS,D
TOZ,B
TPLC,D
TPPS,C
TRCS,C
TRMS,B
TRTS,C
TSFS,B
TSZ,B
TTHS,D
TUDS,C
TUHS,B
TUZ,B
TWAS,D
UHCS,D
UHSS,D
URZ,B
UTKS,C
VRZ,B
VUWS,D
WAIS,B
WAKC,D
WAKS,C
WANS,B
WAZ,C
WBCS,D
WBFS,B
WCDS,D
WCSS,D
WDAS,E
WDFS,D
WDPS,D
WEL,B
WEMS,D
WFSS,D
WHAS,C
WHFS,D
WHZ,B
WICS,D
WIGC,D
WKHS,D
WKZ,B
WNAS,D
WNHS,B
WNKS,C
WNPS,D
WPWS,C
WRCS,D
WSFC,D
WTMC,D
WVAS,D
WVFS,D
WVHS,C
WVZ,B
